<?xml version="1.0" encoding="UTF-8" standalone="yes"?>
<addon id="AANOTHER_KODI" name="AANOTHER_KODI" version="GEN_1" provider-name="AANOTHER_WORLD">
    <extension point="xbmc.addon.repository" name="Example Repository">
        <dir>
            <info compressed="false">https://raw.githubusercontent.com/AANOTHER_WORLD/AANOTHER_KODI/main/repo/zips/addons.xml</info>
            <checksum>https://raw.githubusercontent.com/AANOTHER_WORLD/AANOTHER_KODI/main/repo/zips/addons.xml.md5</checksum>
            <datadir zip="true">
https://raw.githubusercontent.com/AANOTHER_WORLD/AANOTHER_KODI/main/repo/zips/</datadir>
        </dir>
    </extension>
    <extension point="xbmc.addon.metadata">
        <summary>AANOTHER_KODI</summary>
        <description> Custom Kodi Build using Copacetic Skin</description>
        <disclaimer></disclaimer>
        <platform>all</platform>
        <assets>
            <icon>icon.png</icon>
            <fanart>fanart.jpg</fanart>
        </assets>
    </extension>
</addon>